City_ID,City,Lat,Lng,Max Temp,Humidity,Cloudiness,Wind Speed,Country,Date
0,gamba,-2.65,10.0,22.91,84,59,3.78,GA,1690389111
1,la'ie,21.6477,-157.9253,25.98,76,59,6.47,US,1690389111
2,port-aux-francais,-49.35,70.2167,5.3,85,93,19.42,TF,1690389057
3,kerikeri,-35.2268,173.9474,9.62,80,51,2.84,NZ,1690389089
4,georgetown,5.4112,100.3354,28.96,89,20,1.54,MY,1690388834
5,bredasdorp,-34.5322,20.0403,10.46,86,88,2.52,ZA,1690389057
6,puerto natales,-51.7236,-72.4875,2.4,82,45,2.19,CL,1690389056
7,ulladulla,-35.35,150.4667,8.61,80,10,1.95,AU,1690389112
8,dadukou,26.5479,101.7054,23.26,93,100,0.9,CN,1690389112
9,novoorsk,51.381,58.9813,25.36,45,44,3.55,RU,1690389112
10,waitangi,-43.9535,-176.5597,9.43,68,85,11.33,NZ,1690388877
11,port mathurin,-19.6833,63.4167,23.74,80,8,6.21,MU,1690389058
12,krutinka,56.0055,71.5113,17.92,64,99,3.03,RU,1690389113
13,kathmandu,27.7167,85.3167,23.24,85,75,0.89,NP,1690388881
14,talnakh,69.4865,88.3972,21.23,58,65,1.54,RU,1690389062
15,chandbali,20.7833,86.7667,28.66,84,60,4.59,IN,1690389113
16,cabo san lucas,22.8909,-109.9124,31.95,66,75,2.57,MX,1690388877
17,caconda,-13.7333,15.0667,21.69,18,0,1.45,AO,1690389113
18,blackmans bay,-43.0167,147.3167,10.29,85,100,2.52,AU,1690389061
19,hawaiian paradise park,19.5933,-154.9731,22.8,97,100,2.57,US,1690389114
20,adamstown,-25.066,-130.1015,19.52,74,60,8.6,PN,1690389058
21,shimoda,34.6667,138.95,25.61,87,71,2.17,JP,1690388985
22,ta`u,-14.2336,-169.5144,25.19,75,79,5.99,AS,1690389114
23,yuzhno-kurilsk,44.0306,145.8556,17.47,97,42,1.63,RU,1690388706
24,grytviken,-54.2811,-36.5092,-1.84,92,88,4.51,GS,1690389057
25,chonchi,-42.6128,-73.8092,9.51,82,100,1.58,CL,1690389114
26,avarua,-21.2078,-159.775,19.03,94,75,1.54,CK,1690389057
27,edinburgh of the seven seas,-37.0676,-12.3116,10.31,51,88,8.38,SH,1690389061
28,bodaybo,57.8506,114.1933,17.99,85,5,0.73,RU,1690389115
29,danjiangkou,32.5428,111.5086,25.75,86,92,0.94,CN,1690389115
30,stanley,54.868,-1.6985,20.16,57,20,3.6,GB,1690389115
31,hadibu,12.65,54.0333,25.52,75,30,9.46,YE,1690389115
32,copala,16.65,-98.9833,31.72,53,56,1.73,MX,1690388786
33,sao jose da coroa grande,-8.8978,-35.1478,26.8,63,24,4.17,BR,1690388968
34,yellowknife,62.456,-114.3525,22.29,43,75,7.72,CA,1690389059
35,wailua homesteads,22.0669,-159.378,24.44,87,100,6.69,US,1690389117
36,balangiga,11.1097,125.3875,27.32,82,100,4.12,PH,1690389117
37,klyuchi,52.2667,79.1667,23.01,38,80,2.78,RU,1690388982
38,tchintabaraden,15.8969,5.7985,38.04,26,35,2.68,NE,1690389117
39,dudinka,69.4058,86.1778,21.46,70,0,3.73,RU,1690389118
40,vila franca do campo,37.7167,-25.4333,24.23,65,59,0.52,PT,1690388914
41,isafjordur,66.0755,-23.124,10.02,66,75,5.14,IS,1690389062
42,kaa-khem,51.6833,94.7333,15.6,69,21,2.06,RU,1690389118
43,kodiak,57.79,-152.4072,11.73,100,100,0.0,US,1690389118
44,poronaysk,49.2167,143.1167,15.28,99,97,1.19,RU,1690389119
45,adre,13.4667,22.2,28.41,55,93,6.46,TD,1690389119
46,st. john's,47.5649,-52.7093,29.04,52,75,6.17,CA,1690388888
47,thompson,55.7435,-97.8558,13.09,76,75,3.6,CA,1690389119
48,daru,-9.0763,143.2092,24.68,86,89,6.15,PG,1690388961
49,fale old settlement,-9.3852,-171.2468,28.13,75,75,8.32,TK,1690388989
50,nova sintra,14.8667,-24.7167,23.14,84,100,4.06,CV,1690389120
51,tralee,52.2704,-9.7026,18.14,94,100,9.26,IE,1690389120
52,ares,-6.1944,-35.1603,30.05,58,31,7.1,BR,1690389120
53,bethel,41.3712,-73.414,30.08,66,0,2.06,US,1690389061
54,vadso,70.0744,29.7487,11.49,87,100,2.06,NO,1690389121
55,lebu,-37.6167,-73.65,10.04,76,100,2.45,CL,1690389121
56,hasaki,35.7333,140.8333,26.28,87,28,3.46,JP,1690389121
57,shakhtersk,48.0625,38.5167,24.41,46,1,2.54,UA,1690389121
58,atafu village,-8.5421,-172.5159,27.87,77,82,8.93,TK,1690389122
59,ilulissat,69.2167,-51.1,7.7,58,1,2.45,GL,1690389122
60,margaret river,-33.95,115.0667,12.43,80,100,10.12,AU,1690389061
61,ushuaia,-54.8,-68.3,0.81,64,20,2.06,AR,1690388710
62,vilyuchinsk,52.9306,158.4028,13.15,85,80,0.86,RU,1690389121
63,tongchuanshi,35.0806,109.0897,24.5,69,100,2.47,CN,1690388933
64,hamilton,39.1834,-84.5333,33.19,65,0,6.69,US,1690389122
65,badger,64.8,-147.5333,20.28,81,75,2.57,US,1690389058
66,xiongzhou,25.1167,114.3,26.44,84,90,1.35,CN,1690389123
67,grand falls-windsor,48.9332,-55.6649,27.03,53,100,5.52,CA,1690389123
68,nar'yan-mar,67.6713,53.087,18.86,76,100,1.44,RU,1690389123
69,labrador city,52.9463,-66.9114,20.95,49,75,5.14,CA,1690388942
70,puerto ayora,-0.7393,-90.3518,29.98,88,39,4.47,EC,1690389059
71,argo,37.6333,22.7333,34.88,13,6,6.18,GR,1690388917
72,bamboo flat,11.7,92.7167,28.05,83,40,7.72,IN,1690389124
73,les avirons,-21.2418,55.3394,20.05,83,75,2.57,RE,1690389124
74,bilibino,68.0546,166.4372,7.94,82,59,1.5,RU,1690389059
75,kingston,17.997,-76.7936,33.47,63,20,3.6,JM,1690389124
76,isabel segunda,18.1491,-65.4427,31.85,78,100,7.74,PR,1690389124
77,kapit,2.0167,112.9333,23.91,90,37,0.57,MY,1690389124
78,nuuk,64.1835,-51.7216,6.34,93,75,5.14,GL,1690388666
79,hermanus,-34.4187,19.2345,12.67,85,75,6.4,ZA,1690389125
80,port elizabeth,-33.918,25.5701,16.16,77,0,2.06,ZA,1690389055
81,iskateley,67.6803,53.1512,18.79,76,100,1.3,RU,1690389125
82,jamestown,42.097,-79.2353,28.64,54,85,2.68,US,1690389119
83,anadyr,64.75,177.4833,10.28,93,75,3.0,RU,1690389125
84,ancud,-41.8697,-73.8203,8.76,81,100,2.5,CL,1690389125
85,flying fish cove,-10.4217,105.6791,24.82,88,100,3.09,CX,1690389125
86,taoudenni,22.6783,-3.9836,47.19,6,0,4.08,ML,1690389126
87,hino,35.6731,139.4003,29.56,75,36,4.47,JP,1690389126
88,ostersund,63.1792,14.6357,15.9,33,40,2.57,SE,1690389126
89,papao,-17.75,-149.55,24.82,91,80,4.57,PF,1690388868
90,lihue,21.9789,-159.3672,24.77,87,100,6.69,US,1690388911
91,mariental,-24.6333,17.9667,20.02,15,0,5.91,NA,1690389126
92,sabha,27.0377,14.4283,40.21,5,0,4.82,LY,1690389126
93,helong,42.5397,128.9972,20.35,90,99,2.19,CN,1690389127
94,udachny,66.4167,112.4,16.92,77,95,2.34,RU,1690389127
95,wad medani,14.4012,33.5199,32.38,43,63,5.05,SD,1690389127
96,yamada,39.4667,141.95,23.07,88,3,2.45,JP,1690389127
97,serdar,38.9764,56.2757,31.04,48,96,5.5,TM,1690389127
98,howrah,22.5892,88.3103,27.0,94,40,1.54,IN,1690389128
99,tomatlan,19.9333,-105.25,31.48,55,82,0.53,MX,1690388910
100,urengoy,65.9667,78.3667,20.72,67,77,2.94,RU,1690389128
101,whitehorse,60.7161,-135.0538,14.89,94,75,1.54,CA,1690388881
102,fortuna,40.5982,-124.1573,17.18,88,40,2.57,US,1690388640
103,arar,30.9753,41.0381,41.01,6,0,4.12,SA,1690389128
104,tangalle,6.024,80.7911,25.41,88,85,3.8,LK,1690389128
105,mossel bay,-34.1831,22.146,11.96,75,96,2.98,ZA,1690388935
106,ozalp,38.6548,43.993,19.37,60,70,2.05,TR,1690389128
107,umm kaddadah,13.6017,26.6876,33.83,36,100,10.17,SD,1690388888
108,albany,42.6001,-73.9662,28.98,72,8,0.45,US,1690389085
109,zhangye,38.9342,100.4517,25.76,32,100,2.29,CN,1690389129
110,kayangel,8.0823,134.7173,27.91,75,100,9.45,PW,1690388965
111,tiksi,71.6872,128.8694,3.22,91,46,1.64,RU,1690389112
112,uturoa,-16.7333,-151.4333,25.59,85,38,5.1,PF,1690389129
113,olonkinbyen,70.9221,-8.7187,4.9,93,100,5.23,SJ,1690389059
114,papatowai,-46.5619,169.4708,4.9,94,100,11.81,NZ,1690389129
115,cole harbour,44.6724,-63.4751,27.88,54,40,5.66,CA,1690389130
116,baiona,43.4833,-1.4833,24.39,78,40,4.63,FR,1690389130
117,pyapon,16.2833,95.6833,26.15,92,30,2.12,MM,1690389130
118,tura,25.5198,90.2201,24.36,94,100,2.48,IN,1690389130
119,pascagoula,30.3658,-88.5561,33.4,54,0,1.54,US,1690389130
120,mahajanga,-15.7167,46.3167,29.01,42,75,4.63,MG,1690389130
121,sao geraldo do araguaia,-6.4006,-48.555,37.26,21,3,2.41,BR,1690389131
122,iqaluit,63.7506,-68.5145,7.85,81,75,1.54,CA,1690388913
123,muang xay,20.7,101.9833,25.29,74,96,1.26,LA,1690389131
124,tobruk,32.0836,23.9764,29.62,70,0,6.49,LY,1690388895
125,mutuali,-14.8706,37.0044,18.67,55,0,2.39,MZ,1690389131
126,afaahiti,-17.75,-149.2833,23.93,89,75,4.58,PF,1690389131
127,dakoro,14.5106,6.765,36.91,32,87,2.8,NE,1690388916
128,seesen,51.9,10.1833,20.08,52,73,0.45,DE,1690389131
129,aasiaat,68.7098,-52.8699,3.69,85,44,3.88,GL,1690389132
130,baikonur,45.6167,63.3167,31.14,33,97,9.6,KZ,1690389132
131,ugoofaaru,5.6667,73.0,28.28,75,87,1.45,MV,1690389132
132,cacoal,-11.4386,-61.4472,36.11,22,1,2.2,BR,1690389132
133,codrington,-38.2667,141.9667,7.67,82,77,5.39,AU,1690389132
134,susuman,62.7833,148.1667,11.07,86,100,1.95,RU,1690389132
135,victoria point,-27.5833,153.3,16.06,78,1,3.59,AU,1690389132
136,vorgashor,67.5833,63.95,16.42,80,99,3.84,RU,1690388910
137,invercargill,-46.4,168.35,5.6,90,95,12.79,NZ,1690389133
138,lepsy,46.235,78.9456,29.23,21,0,2.16,KZ,1690389133
139,mohr,54.3528,9.7167,18.43,70,75,7.2,DE,1690389133
140,yemetsk,63.4721,41.7941,16.47,73,96,1.18,RU,1690389133
141,nouadhibou,20.931,-17.0347,24.99,69,10,10.29,MR,1690389134
142,zouerate,22.7187,-12.4521,43.01,7,5,8.48,MR,1690389134
143,tolanaro,-25.0319,46.9987,20.04,64,40,4.12,MG,1690389057
144,quellon,-43.1167,-73.6167,9.14,71,75,2.57,CL,1690388852
145,college,64.8569,-147.8028,20.32,81,75,2.57,US,1690389134
146,mount pleasant,32.7941,-79.8626,33.99,67,20,2.06,US,1690389020
147,longyearbyen,78.2186,15.6401,12.91,58,20,6.17,SJ,1690389058
148,kollam,8.8833,76.6,25.18,86,100,3.46,IN,1690389134
149,selfoss,63.9331,-20.9971,17.25,65,94,3.32,IS,1690389135
150,banda aceh,5.5577,95.3222,26.77,84,100,5.9,ID,1690389135
151,mount pearl,47.5166,-52.7813,29.14,49,75,6.17,CA,1690389135
152,keflavik,64.0049,-22.5624,15.95,72,100,1.03,IS,1690388905
153,nema,57.5067,50.5011,18.81,83,68,2.1,RU,1690389135
154,tejen,37.3834,60.5054,36.54,27,2,11.86,TM,1690389135
155,oliver,49.1831,-119.5524,19.14,42,0,1.03,CA,1690389135
156,arhavi,41.3492,41.3069,25.95,80,0,0.64,TR,1690389136
157,laojunmiao,39.8333,97.7333,24.96,26,95,3.41,CN,1690388896
158,wynyard,-41.0,145.7167,6.66,82,100,1.63,AU,1690389136
159,nizhnesortymskiy,62.4397,71.7603,18.75,80,100,1.0,RU,1690389136
160,zag,46.9441,99.165,12.17,60,35,2.37,MN,1690389136
161,changchun,43.88,125.3228,23.98,86,28,3.57,CN,1690389137
162,ribeira grande,38.5167,-28.7,25.22,73,40,5.66,PT,1690389137
163,fort mcmurray,56.7268,-111.381,16.77,63,0,3.6,CA,1690388915
164,karratha,-20.7377,116.8463,20.47,66,97,2.2,AU,1690389137
165,whistler,50.1164,-122.9695,13.74,82,100,1.03,CA,1690388897
166,alice springs,-23.7,133.8833,11.75,71,75,0.0,AU,1690389137
167,qaqortoq,60.7167,-46.0333,6.89,83,99,1.73,GL,1690389137
168,kudahuvadhoo,2.6708,72.8944,28.24,78,99,4.45,MV,1690389138
169,petropavlovsk-kamchatsky,53.0452,158.6483,12.33,100,20,1.0,RU,1690389138
170,luderitz,-26.6481,15.1594,14.13,67,0,6.58,NA,1690389138
171,idil,37.3411,41.8895,35.96,12,0,3.09,TR,1690389138
172,ust-nera,64.5667,143.2,10.6,92,81,4.0,RU,1690389138
173,rabo de peixe,37.8,-25.5833,23.73,69,20,3.6,PT,1690389139
174,punta arenas,-53.15,-70.9167,2.58,68,43,6.81,CL,1690389139
175,akrehamn,59.2667,5.1833,17.22,77,75,5.66,NO,1690389139
176,bubaque,11.2833,-15.8333,27.39,81,97,6.4,GW,1690389139
177,la paz,-16.5,-68.15,12.99,20,0,3.6,BO,1690389140
178,soligalich,59.0778,42.2864,18.64,97,100,4.27,RU,1690389140
179,san antonio de pale,-1.4014,5.6325,23.32,88,95,4.83,GQ,1690388925
180,bengkulu,-3.8004,102.2655,24.89,90,36,2.91,ID,1690388914
181,constantia,44.1833,28.65,28.38,64,29,3.12,RO,1690389141
182,oranjemund,-28.55,16.4333,13.37,76,1,2.27,NA,1690389141
183,trevelin,-43.0858,-71.4639,3.71,92,100,0.77,AR,1690389141
184,chardara,41.2547,67.9692,32.45,19,0,5.77,KZ,1690389142
185,conception bay south,47.4999,-52.9981,28.91,52,59,5.52,CA,1690389011
186,gargalianoi,37.0667,21.6333,32.97,72,6,3.8,GR,1690389142
187,vangaindrano,-23.35,47.6,18.44,68,38,2.21,MG,1690389019
188,ipora,-16.4419,-51.1178,32.4,22,0,2.44,BR,1690389143
189,petawawa,45.9001,-77.3328,26.77,60,20,4.12,CA,1690389143
190,kachug,53.9606,105.8817,16.02,85,85,1.66,RU,1690389143
191,hami,42.8,93.45,31.8,10,0,4.57,CN,1690389143
192,amarpur,25.0333,86.9,30.81,67,99,4.64,IN,1690389143
193,mbekenyera,-10.0,38.9833,21.71,47,18,2.28,TZ,1690389144
194,diego de almagro,-26.3667,-70.05,23.15,22,69,2.3,CL,1690389144
195,kirensk,57.7853,108.1119,16.61,94,88,0.1,RU,1690389144
196,nemuro,43.3236,145.575,16.26,99,72,0.32,JP,1690389144
197,kalemie,-5.9475,29.1947,22.87,53,38,0.99,CD,1690389144
198,kumo,10.0447,11.2122,31.27,42,71,3.2,NG,1690389145
199,chulym,55.0997,80.9572,17.84,69,52,1.12,RU,1690389145
200,lakatoro,-16.0999,167.4164,22.65,81,100,7.14,VU,1690389145
201,sinop,41.7711,34.8709,23.34,50,0,3.29,TR,1690389083
202,korba,22.35,82.6833,28.91,74,85,3.85,IN,1690389145
203,happy valley-goose bay,53.3168,-60.3315,25.17,50,40,4.63,CA,1690388879
204,sechura,-5.5569,-80.8222,25.18,60,90,3.98,PE,1690388990
205,mar del plata,-38.0023,-57.5575,13.3,75,40,5.81,AR,1690389146
206,codo,-4.4553,-43.8856,36.09,26,3,2.41,BR,1690388925
207,mormugao,15.4,73.8,25.75,84,100,9.29,IN,1690389146
208,dili,-8.5586,125.5736,23.2,74,48,2.03,TL,1690389146
209,sarangani,5.4033,125.4636,27.54,80,96,3.39,PH,1690389146
210,massenya,11.4039,16.1705,32.11,47,81,3.53,TD,1690389147
211,sola,-13.8833,167.55,24.85,83,100,10.92,VU,1690389147
212,hastings,50.8552,0.5729,19.38,23,99,6.18,GB,1690388773
213,degache,33.9761,8.2081,40.18,24,1,9.26,TN,1690389147
214,vakarai,55.6035,23.8213,21.29,53,94,3.37,LT,1690389147
215,tazovsky,67.4667,78.7,17.64,73,53,4.05,RU,1690389147
216,balkh,36.75,67.0,36.11,8,0,4.31,AF,1690389147
217,ponta delgada,37.7333,-25.6667,24.4,69,20,3.6,PT,1690389148
218,barra do corda,-5.5,-45.25,37.22,21,15,2.68,BR,1690389148
219,sydney mines,46.2367,-60.2177,29.19,63,75,4.12,CA,1690389148
220,gadzhiyevo,69.2551,33.3362,11.09,90,98,2.17,RU,1690388982
221,yenipazar,37.8242,28.1972,36.8,19,0,2.44,TR,1690389148
222,afif,23.9065,42.9172,36.24,10,98,5.47,SA,1690388991
223,amuntai,-2.4177,115.2494,21.69,88,50,0.91,ID,1690389148
224,bafra,41.5678,35.9069,23.7,82,0,5.32,TR,1690389148
225,salekhard,66.53,66.6019,16.84,97,100,3.37,RU,1690388940
226,krasnoturansk,54.3186,91.5639,15.45,82,8,1.19,RU,1690389149
227,labytnangi,66.6572,66.4183,16.67,92,100,4.2,RU,1690389110
228,ciudad madero,22.2667,-97.8333,30.03,79,75,2.37,MX,1690389149
229,camana,-16.6228,-72.7111,19.21,75,21,4.0,PE,1690389149
230,abalak,58.1286,68.5944,16.29,79,49,2.38,RU,1690389149
231,lesnoy,57.6198,63.0784,16.62,86,50,2.72,RU,1690389150
232,watertown,42.3709,-71.1828,30.8,58,0,3.09,US,1690389150
233,sao joao da barra,-21.6403,-41.0511,25.05,75,86,8.08,BR,1690389150
234,zhezqazghan,47.7833,67.7667,29.49,31,98,5.77,KZ,1690389150
235,ban selaphum,16.0167,103.95,26.69,81,72,3.08,TH,1690389150
236,puerto santa,-8.9906,-78.6456,22.52,73,89,3.9,PE,1690389150
237,ilomantsi,62.6716,30.9328,18.16,76,93,1.49,FI,1690388923
238,puerto lempira,15.2667,-83.7667,30.14,66,100,4.29,HN,1690389151
239,huanuco,-9.9329,-76.2415,24.89,34,35,3.23,PE,1690388898
240,zaozersk,69.4005,32.4476,12.44,84,93,2.84,RU,1690388922
241,batang,-6.4846,110.7083,24.4,71,30,3.53,ID,1690389151
242,dzuunharaa,48.8523,106.4579,15.02,79,25,1.53,MN,1690389151
243,kavaratti,10.5669,72.642,28.28,77,100,6.53,IN,1690389151
244,haenam,34.5711,126.5989,24.2,96,43,2.45,KR,1690389151
245,priob'ye,62.5206,65.5964,16.39,92,100,2.59,RU,1690388947
246,raduzhny,62.0961,77.475,18.1,80,64,2.46,RU,1690388932
247,robore,-18.3333,-59.75,28.05,57,75,0.0,BO,1690389152
248,agacoren,38.8748,33.9167,24.31,24,0,0.09,TR,1690389152
249,aksu,41.1231,80.2644,30.23,25,0,2.12,CN,1690389152
250,bel ombre,-4.6167,55.4167,25.91,83,40,6.17,SC,1690388906
251,nadi,-17.8,177.4167,20.0,94,75,3.09,FJ,1690388917
252,bandarbeyla,9.4942,50.8122,23.94,83,10,14.5,SO,1690389152
253,dabola,10.75,-11.1167,29.06,74,81,0.44,GN,1690389152
254,acarau,-2.8856,-40.12,31.44,51,10,8.83,BR,1690389153
255,kurchatov,51.6601,35.6521,21.23,70,20,2.76,RU,1690389153
256,kamaishi,39.2667,141.8833,23.46,86,6,2.98,JP,1690389153
257,'alaqahdari dishu,30.4374,63.313,37.96,12,40,2.75,AF,1690389153
258,mkuranga,-7.118,39.2078,21.9,80,9,3.68,TZ,1690389153
259,inhambane,-23.865,35.3833,20.99,64,75,2.57,MZ,1690388799
260,shubarshi,48.5872,57.1869,26.7,32,35,6.26,KZ,1690389153
261,nieuw amsterdam,5.8833,-55.0833,29.81,66,21,4.49,SR,1690389154
262,tabou,4.423,-7.3528,25.76,86,57,4.71,CI,1690389154
263,polyarnyy,69.1989,33.4478,11.14,92,99,2.26,RU,1690389154
264,harstad,68.799,16.5293,19.89,85,71,5.36,NO,1690388864
265,awjilah,29.1081,21.2869,40.68,8,0,3.19,LY,1690389154
266,fort bragg,35.139,-79.006,36.01,55,20,0.89,US,1690389060
267,riohacha,11.5444,-72.9072,30.06,74,20,4.12,CO,1690389123
268,pangody,65.85,74.4859,20.32,70,32,3.03,RU,1690389155
269,callao,-12.0667,-77.15,22.62,68,100,2.06,PE,1690389135
270,aur,8.1499,171.1687,27.61,79,100,6.41,MH,1690389155
271,saipan,15.1355,145.701,27.39,100,40,7.2,MP,1690389155
272,namibe,-15.1961,12.1522,17.77,83,22,3.2,AO,1690389155
273,arraial do cabo,-22.9661,-42.0278,23.92,78,100,6.17,BR,1690389155
274,touros,-5.1989,-35.4608,28.81,61,10,8.13,BR,1690389155
275,moravska trebova,49.7579,16.6643,18.51,59,81,0.89,CZ,1690389156
276,masterton,-40.9597,175.6575,5.49,95,61,1.28,NZ,1690389156
277,barah,13.7,30.3667,27.69,62,100,6.3,SD,1690389156
278,totness,5.8833,-56.3167,29.7,66,21,4.43,SR,1690389156
279,gaziantep,37.0594,37.3825,35.96,14,0,6.69,TR,1690389156
280,chiredzi,-21.05,31.6667,18.68,49,3,2.99,ZW,1690389156
281,kapuskasing,49.4169,-82.4331,19.05,82,100,3.6,CA,1690388901
282,el fasher,13.6279,25.3494,29.38,47,99,10.02,SD,1690389157
283,tadine,-21.55,167.8833,19.43,62,100,7.35,NC,1690389157
284,leh,34.1667,77.5833,20.39,39,49,2.35,IN,1690389157
285,tsiombe,-25.3,45.4833,18.42,56,3,5.77,MG,1690389157
286,port blair,11.6667,92.75,28.02,83,40,7.63,IN,1690388992
287,chacabuco,-34.6417,-60.4739,16.1,52,0,6.71,AR,1690388981
288,west island,-12.1568,96.8225,24.99,83,100,11.83,CC,1690389157
289,isangel,-19.55,169.2667,19.32,78,58,6.91,VU,1690389157
290,souillac,-20.5167,57.5167,21.21,94,40,1.54,MU,1690389157
291,vedi,39.9142,44.7222,29.66,36,0,2.95,AM,1690389158
292,haiku-pauwela,20.9219,-156.3051,24.47,80,40,5.66,US,1690389158
293,uiju,40.1994,124.5317,22.84,95,100,1.3,KP,1690389158
294,al jawf,29.5,38.75,38.09,11,48,5.16,SA,1690388901
295,huanta,-12.9333,-74.25,19.22,19,0,0.86,PE,1690389158
296,hirara,24.8,125.2833,28.15,83,100,7.72,JP,1690389158
297,slave lake,55.2834,-114.769,12.99,100,100,4.12,CA,1690389158
298,benguela,-12.5763,13.4055,21.28,80,3,4.17,AO,1690389158
299,utrik,11.2278,169.8474,28.05,80,100,7.81,MH,1690389159
300,castillos,-34.1667,-53.8333,12.7,89,99,7.55,UY,1690389159
301,hithadhoo,-0.6,73.0833,28.48,78,47,6.89,MV,1690389159
302,tommot,58.9564,126.2925,16.58,93,99,0.91,RU,1690389161
303,antofagasta,-23.65,-70.4,18.6,69,40,4.02,CL,1690389011
304,san luis,-33.295,-66.3356,15.96,28,7,1.48,AR,1690389162
305,viedma,-40.8135,-62.9967,7.96,58,89,7.15,AR,1690389162
306,lamu,-2.2717,40.902,25.12,81,44,6.49,KE,1690389162
307,uttarkashi,30.7333,78.45,22.76,95,100,0.52,IN,1690389162
308,tucurui,-3.7661,-49.6725,34.77,34,1,2.31,BR,1690389163
309,vernon,50.2581,-119.2691,19.23,49,6,1.79,CA,1690389164
310,namsos,64.4662,11.4957,21.03,64,40,2.06,NO,1690388967
311,coahuayana de hidalgo,18.7,-103.6583,32.81,52,91,1.96,MX,1690389164
312,yelizovo,53.1873,158.3805,13.08,100,20,1.0,RU,1690389164
313,klaksvik,62.2266,-6.589,12.51,75,13,3.2,FO,1690389165
314,ibanda,-2.7974,32.4746,22.96,28,31,2.1,TZ,1690389165
315,queenstown,-31.8976,26.8753,16.52,41,6,2.38,ZA,1690388923
316,ouro sogui,15.6,-13.3167,38.01,47,20,2.06,SN,1690389166
317,sarmiento,-45.5882,-69.07,3.09,44,100,0.98,AR,1690388986
318,rio grande,-32.035,-52.0986,18.06,88,100,7.99,BR,1690389167
319,grand baie,-20.0182,57.5802,21.92,78,20,0.89,MU,1690389167
320,marquette,46.5333,-87.6335,20.99,88,100,2.68,US,1690389167
321,quepos,9.4236,-84.1652,29.81,68,82,2.34,CR,1690389167
322,mount isa,-20.7333,139.5,19.87,68,100,4.63,AU,1690388759
323,plettenberg bay,-34.0527,23.3716,14.08,69,100,3.32,ZA,1690389167
324,bu'aale,1.0833,42.5833,24.97,64,55,5.94,SO,1690389168
325,port lincoln,-34.7333,135.8667,12.24,56,0,4.88,AU,1690389168
326,cidreira,-30.1811,-50.2056,21.3,75,97,4.26,BR,1690389168
327,santa cruz,-17.8,-63.1667,20.7,55,75,7.72,BO,1690389168
328,palikir - national government center,6.9248,158.1611,27.0,82,100,6.62,FM,1690389168
329,yermentau,51.6214,73.1069,20.15,55,99,2.75,KZ,1690389168
330,ceeldheer,3.8488,47.1806,24.99,76,57,9.06,SO,1690389168
331,yur'yevets,57.3201,43.1041,21.94,77,85,8.18,RU,1690389169
332,beyneu,45.3167,55.2,30.12,39,80,5.05,KZ,1690389169
333,constitucion,-35.3333,-72.4167,12.94,62,98,3.64,CL,1690388934
334,viana do castelo,41.6932,-8.8329,22.0,72,5,7.88,PT,1690389174
335,porto velho,-8.7619,-63.9039,33.03,49,20,3.6,BR,1690389068
336,sassandra,4.95,-6.0833,25.93,83,97,3.66,CI,1690389174
337,illapel,-31.6308,-71.1653,21.04,32,100,2.98,CL,1690389174
338,kampot,10.6167,104.1833,28.03,87,87,4.37,KH,1690389175
339,port alfred,-33.5906,26.891,16.77,64,39,0.45,ZA,1690389175
340,muynoq,43.7683,59.0214,28.62,48,100,3.57,UZ,1690389175
341,valparaiso,-33.0393,-71.6273,17.13,70,100,2.06,CL,1690389174
342,vallenar,-28.5708,-70.7581,23.98,30,24,2.63,CL,1690389175
343,puerto baquerizo moreno,-0.9,-89.6,26.55,78,40,6.17,EC,1690388693
344,temryuk,45.2722,37.3811,25.14,67,0,1.8,RU,1690389175
345,katsuura,35.1333,140.3,25.47,92,41,2.85,JP,1690389175
346,togur,58.3631,82.8265,15.58,89,23,2.06,RU,1690389175
347,pacific grove,36.6177,-121.9166,17.67,96,100,3.58,US,1690389176
348,mlimba,-8.8,35.8167,22.74,45,24,1.75,TZ,1690389176
349,korla,41.7597,86.1469,30.79,23,0,3.56,CN,1690388834
350,karungdong,5.8844,121.263,27.61,84,89,5.08,PH,1690389176
351,christchurch,-43.5333,172.6333,5.51,73,80,1.54,NZ,1690389142
352,mweka,-4.85,21.5667,28.4,29,5,0.42,CD,1690389176
353,nusaybin,37.0778,41.2178,35.8,11,0,1.47,TR,1690389176
354,prado,-17.3411,-39.2208,25.0,63,17,3.59,BR,1690388923
355,salinas,36.6777,-121.6555,23.08,86,100,2.06,US,1690389014
356,coquimbo,-29.9533,-71.3436,14.85,82,75,3.6,CL,1690389177
357,eaton rapids,42.5092,-84.6558,30.05,70,0,5.66,US,1690388895
358,burang,30.25,81.1667,11.46,85,99,2.0,CN,1690388988
359,miles city,46.4083,-105.8406,28.54,24,0,1.54,US,1690389177
360,dapa,9.7594,126.0531,28.45,76,100,4.33,PH,1690389177
361,orikhiv,47.5673,35.7858,26.9,41,0,6.48,UA,1690389177
362,karlskrona,56.1616,15.5866,18.25,63,73,6.24,SE,1690389178
363,vallegrande,-18.4897,-64.1069,18.98,57,55,2.64,BO,1690389178
364,sovetskiy,61.3614,63.5842,18.41,60,78,2.6,RU,1690389178
365,shenjiamen,29.9576,122.298,26.15,89,100,4.96,CN,1690389178
366,aoulef,26.9667,1.0833,46.35,8,2,4.09,DZ,1690388920
367,riverton,40.5219,-111.9391,33.07,35,0,6.69,US,1690389140
368,mauganj,24.6833,81.8833,33.63,44,100,4.45,IN,1690389178
369,new norfolk,-42.7826,147.0587,10.95,93,100,1.44,AU,1690389178
370,praya,14.9215,-23.5087,29.3,70,75,5.66,CV,1690389179
371,cartagena,10.3997,-75.5144,30.79,70,20,3.09,CO,1690389124
372,sitka,57.0531,-135.33,13.94,94,100,2.06,US,1690389179
373,orcopampa,-15.2661,-72.3417,13.58,9,0,3.09,PE,1690389179
374,port moresby,-9.4431,147.1797,23.68,88,40,2.57,PG,1690389124
375,mahina,-17.5065,-149.489,24.87,83,75,4.12,PF,1690389179
376,ribeira brava,32.65,-17.0667,26.11,69,65,0.56,PT,1690389179
377,marysville,48.0518,-122.1771,19.31,79,100,3.6,US,1690389168
378,assare,-6.8744,-39.875,34.46,23,2,2.94,BR,1690389180
379,jangaon,17.7167,79.1833,24.48,95,100,6.17,IN,1690389180
380,waterville,44.552,-69.6317,30.38,62,0,3.09,US,1690389180
381,dahab,28.501,34.5134,43.56,40,6,1.31,EG,1690389180
382,grantsville,40.5999,-112.4644,32.75,31,7,4.92,US,1690389180
383,charata,-27.2144,-61.188,19.83,50,90,5.33,AR,1690389180
384,timimoun,29.2639,0.231,48.21,5,0,2.06,DZ,1690389180
385,puerto aysen,-45.4,-72.7,3.02,93,100,0.0,CL,1690389180
386,sarandi,-23.4436,-51.8739,26.75,47,0,5.66,BR,1690389181
387,pisco,-13.7,-76.2167,20.03,68,100,2.57,PE,1690388711
388,kharagpur,22.3333,87.3333,28.0,84,90,4.24,IN,1690389181
389,barcelos,41.5388,-8.6151,33.29,54,3,5.97,PT,1690389181
390,port hueneme,34.1478,-119.1951,33.55,70,0,2.57,US,1690389181
391,luau,-10.7073,22.2247,24.12,23,1,1.01,AO,1690389181
392,okhotsk,59.3833,143.3,13.92,96,77,2.88,RU,1690388901
393,dukhan,25.4297,50.7858,34.12,70,70,5.0,QA,1690389182
394,ust'-ilimsk,58.0006,102.6619,17.55,76,57,1.54,RU,1690389182
395,mabaruma,8.2,-59.7833,28.83,79,36,1.66,GY,1690388885
396,i-n-salah,27.1935,2.4607,45.82,8,7,0.31,DZ,1690389182
397,severo-yeniseyskiy,60.3725,93.0408,14.49,93,86,0.48,RU,1690388991
398,ulsteinvik,62.3432,5.8487,18.84,87,30,2.68,NO,1690389182
399,tromso,69.6496,18.957,18.01,59,20,4.63,NO,1690389182
400,ocean shores,46.9737,-124.1563,16.68,83,20,2.06,US,1690389183
401,la entrada,15.05,-88.7333,28.86,70,56,2.44,HN,1690389183
402,el granada,37.5027,-122.4694,22.72,85,75,6.69,US,1690388654
403,fagersta,60.0042,15.7932,19.25,51,97,3.42,SE,1690389183
404,axim,4.8699,-2.2405,26.04,82,92,4.57,GH,1690388929
405,mount gambier,-37.8333,140.7667,7.03,86,36,3.7,AU,1690388937
406,boyolangu,-8.1181,111.8935,20.95,94,45,2.09,ID,1690389183
407,bumba,2.1833,22.4667,24.22,78,100,0.61,CD,1690389158
408,suratgarh,29.3167,73.9,30.1,70,100,5.25,IN,1690389184
409,villa gesell,-37.2639,-56.973,12.81,74,59,9.35,AR,1690389184
410,berdigestyakh,62.0989,126.6992,11.85,63,63,2.0,RU,1690388968
411,kone,-21.0595,164.8658,14.72,74,20,2.61,NC,1690389062
412,lompoc,34.6391,-120.4579,23.85,86,40,3.09,US,1690389186
413,geraldton,-28.7667,114.6,11.23,87,40,2.57,AU,1690389079
414,minas de marcona,-15.2119,-75.1103,17.24,62,19,6.6,PE,1690389186
415,fort st. john,56.2499,-120.8529,12.94,94,100,5.14,CA,1690388960
416,volodarskiy,46.4013,48.5409,31.97,40,0,1.6,RU,1690389187
417,saint-flour,45.0833,3.0,18.35,56,43,3.82,FR,1690389187
418,enewetak,11.3474,162.3373,28.12,79,97,7.06,MH,1690388898
419,tamanrasset,22.785,5.5228,37.95,7,0,4.63,DZ,1690389188
420,santa elena de uairen,4.6167,-61.1333,25.63,67,60,2.66,VE,1690389188
421,albania,41.0,20.0,29.78,36,47,3.58,AL,1690389188
422,lazaro cardenas,17.9583,-102.2,31.97,52,35,1.8,MX,1690389166
423,lijiang,26.8688,100.2207,15.71,93,100,1.63,CN,1690389189
424,zaranj,30.9667,61.8833,37.98,9,1,6.82,AF,1690389189
425,carnarvon,-24.8667,113.6333,16.43,58,56,7.56,AU,1690389190
426,kalmunai,7.4167,81.8167,28.24,70,100,3.45,LK,1690389190
427,lexington,37.9887,-84.4777,31.1,60,0,5.14,US,1690389072
428,calilegua,-23.7737,-64.77,24.13,30,1,1.67,AR,1690389190
429,chinsali,-10.5414,32.0816,17.12,42,0,2.58,ZM,1690389190
430,kotlas,61.2611,46.6556,17.57,78,76,2.57,RU,1690389191
431,kijang,35.2442,129.2139,25.85,87,14,2.33,KR,1690389191
432,igarka,67.4667,86.5833,20.24,78,3,3.47,RU,1690388885
433,malakal,9.5334,31.6605,22.21,97,100,1.78,SS,1690389191
434,rongelap,11.1635,166.8941,28.05,80,100,7.51,MH,1690389145
435,guiping,23.3925,110.0814,28.87,76,98,0.87,CN,1690389191
436,chebarkul',54.9749,60.3633,19.2,72,100,1.52,RU,1690389192
437,sao felix do xingu,-6.6447,-51.995,35.87,24,1,1.91,BR,1690388988
438,nehe,48.4833,124.8333,21.29,93,30,1.54,CN,1690389192
439,at taj,24.2049,23.2857,35.3,10,2,4.39,LY,1690389192
440,thunder bay,48.4001,-89.3168,19.95,88,100,3.6,CA,1690388805
441,augusto correa,-1.0217,-46.635,29.7,68,7,3.34,BR,1690389192
442,bay roberts,47.5999,-53.2648,29.81,50,70,5.36,CA,1690389193
443,ulverstone,-41.15,146.1667,9.84,91,100,2.8,AU,1690389193
444,bamusso,4.4591,8.9027,26.28,85,76,3.74,CM,1690389193
445,gaspe,48.8334,-64.4819,22.12,78,40,5.66,CA,1690388958
446,howard springs,-12.497,131.047,19.95,72,16,2.2,AU,1690388946
447,aban,56.67,96.06,15.24,95,90,2.05,RU,1690389193
448,chui,-33.6971,-53.4616,14.11,87,99,7.72,UY,1690389194
449,cootamundra,-34.65,148.0333,3.86,86,0,1.51,AU,1690389194
450,thames,-37.1333,175.5333,4.82,90,6,0.79,NZ,1690389194
451,tekirdag,40.978,27.5085,36.64,33,4,4.82,TR,1690389194
452,acapulco de juarez,16.8634,-99.8901,31.9,55,40,2.57,MX,1690389194
453,winkler,49.1817,-97.941,29.43,74,0,2.06,CA,1690389194
454,kolonia town,6.964,158.206,27.2,84,100,6.92,FM,1690388960
455,jalqani,12.4486,34.2186,27.29,67,90,6.57,SD,1690389195
456,hengchun,22.0042,120.7439,27.68,91,100,18.89,TW,1690389195
457,solnechnyy,50.7214,136.6319,17.26,93,7,1.07,RU,1690389195
458,ketchikan,55.3422,-131.6461,17.26,77,100,3.09,US,1690389195
459,aripuana,-9.1667,-60.6333,36.16,24,3,1.64,BR,1690389123
460,qaisumah,28.3112,46.1273,43.98,6,0,2.06,SA,1690389195
461,ola,59.5833,151.2833,11.98,95,100,2.29,RU,1690388968
462,ocher,57.8904,54.7202,16.23,80,53,1.17,RU,1690389196
463,buala,-8.145,159.5921,26.4,85,100,2.09,SB,1690388998
464,guarda,40.5373,-7.2658,30.68,15,0,1.91,PT,1690389196
465,parabel',58.6978,81.4825,15.84,93,18,2.57,RU,1690389196
466,bandar labuan,5.2888,115.2692,26.2,94,20,0.0,MY,1690389196
467,nizhneudinsk,54.9076,99.0276,13.87,94,89,1.65,RU,1690389197
468,praia da vitoria,38.7333,-27.0667,26.14,73,20,2.7,PT,1690389155
469,ca mau,9.1769,105.15,26.48,88,61,3.74,VN,1690389197
470,maralal,1.0968,36.698,18.37,68,82,1.43,KE,1690389197
471,alassio,44.0039,8.1671,29.12,34,0,7.72,IT,1690389197
472,lubang,13.8584,120.124,28.56,82,100,13.03,PH,1690388983
473,ibirama,-27.0569,-49.5178,26.29,44,99,2.14,BR,1690389198
474,remire-montjoly,4.9167,-52.2667,29.02,79,75,3.6,GF,1690389198
475,argostolion,38.1811,20.489,31.04,45,20,8.23,GR,1690389198
476,estevan,49.1334,-102.9842,25.12,36,75,5.14,CA,1690388686
477,yanjiang,30.1211,104.6481,23.29,99,100,1.89,CN,1690389198
478,east london,-33.0153,27.9116,18.52,63,0,3.6,ZA,1690389198
479,kayes,14.0,-11.0,35.5,42,15,2.17,ML,1690389199
480,tual,-5.6667,132.75,25.83,82,97,9.21,ID,1690388956
481,ferguson,38.7442,-90.3054,34.52,58,75,7.72,US,1690389199
482,arkhangel'sk,64.5401,40.5433,17.53,67,90,1.35,RU,1690389106
483,tepalcatepec,19.1833,-102.85,30.02,62,95,0.48,MX,1690389199
484,san patricio,28.017,-97.5169,35.05,43,0,4.35,US,1690388883
485,arno,60.1167,18.6333,18.91,55,99,5.21,SE,1690389199
486,pitimbu,-7.4706,-34.8086,29.33,72,15,6.55,BR,1690389200
487,aykhal,66.0,111.5,15.9,67,100,3.78,RU,1690389197
488,lapinlahti,65.5833,30.5667,16.21,80,92,1.05,RU,1690389200
489,middlesboro,36.6084,-83.7166,31.57,58,75,3.6,US,1690389200
490,dunedin,-45.8742,170.5036,7.11,66,65,7.15,NZ,1690388881
491,na mom,6.9586,100.5568,25.91,94,75,1.03,TH,1690389200
492,lilongwe,-13.9669,33.7873,18.99,33,0,2.74,MW,1690389145
493,chagoda,59.164,35.3285,15.01,97,100,1.41,RU,1690389201
494,balsas,-7.5325,-46.0356,36.33,21,11,2.72,BR,1690389201
495,maitum,6.0392,124.4986,25.84,85,90,2.09,PH,1690389201
496,quirinopolis,-18.4483,-50.4517,32.09,21,1,1.38,BR,1690389201
497,urangan,-25.3,152.9,18.9,69,10,6.64,AU,1690389134
498,bac lieu,9.285,105.7244,26.7,87,82,5.28,VN,1690388902
499,goondiwindi,-28.55,150.3167,10.09,84,0,3.8,AU,1690389202
500,kalabo,-14.97,22.6814,21.88,25,63,1.76,ZM,1690389202
501,korpilahti,62.0167,25.55,20.06,74,95,1.55,FI,1690389202
502,virpur,23.1833,73.4833,29.5,76,100,3.53,IN,1690389202
503,la passe,45.5549,-0.8967,24.13,64,34,5.82,FR,1690388905
504,onega,63.9061,38.1404,16.57,78,85,1.72,RU,1690389202
505,port saint john's,-31.6229,29.5448,19.7,62,0,3.78,ZA,1690388970
506,maridi,4.9158,29.4742,21.2,86,94,1.59,SS,1690389203
507,sudak,44.85,34.9667,23.08,71,0,2.38,UA,1690389203
508,eydhafushi,5.1033,73.0708,28.33,75,97,1.47,MV,1690389203
509,mili,6.0815,171.735,27.46,80,100,3.57,MH,1690388942
510,margate,51.3813,1.3862,19.37,59,100,5.36,GB,1690389203
511,akkol',48.7833,53.2,28.54,35,12,1.83,KZ,1690389204
512,maragogi,-9.0122,-35.2225,26.27,66,17,3.99,BR,1690389204
513,northam,51.0333,-4.2167,17.59,97,100,8.04,GB,1690389204
514,gaillimh,53.2719,-9.0489,16.28,95,100,7.06,IE,1690389140
515,olinda,-8.0089,-34.8553,27.85,74,40,6.17,BR,1690389205
516,yagoua,10.3411,15.2329,30.12,52,59,4.6,CM,1690389205
517,ekibastuz,51.6667,75.3667,26.93,27,98,3.26,KZ,1690389206
518,kurtamysh,54.9103,64.4319,21.87,46,37,2.53,RU,1690389206
519,santa marta,11.2408,-74.199,31.05,72,100,0.89,CO,1690388600
520,ruteng,-8.6136,120.4721,14.57,94,92,1.55,ID,1690389206
521,oyem,1.5995,11.5793,23.34,86,71,0.89,GA,1690389207
522,sapri,40.0751,15.6296,25.24,58,19,5.98,IT,1690389207
523,mungaa,-4.9667,34.8833,19.45,36,43,4.39,TZ,1690389207
524,lanzhou,36.0564,103.7922,19.81,79,100,1.24,CN,1690389208
525,gereshk,31.8209,64.5701,35.8,20,28,4.25,AF,1690389209
526,saldanha,-33.0117,17.9442,13.03,88,15,1.25,ZA,1690389209
527,tazacorte,28.629,-17.9293,26.19,75,75,4.63,ES,1690389106
528,chamical,-30.36,-66.314,18.57,31,46,2.74,AR,1690389210
529,undurkhaan,47.3194,110.6556,15.42,69,6,1.21,MN,1690389210
530,kourou,5.1552,-52.6478,29.03,67,14,3.34,GF,1690389211
531,berezovyy,51.6667,135.7,17.4,97,58,0.89,RU,1690388973
532,bikenibeu village,1.3673,173.1241,26.98,83,40,0.0,KI,1690388987
533,kuressaare,58.2481,22.5039,19.41,59,20,5.81,EE,1690388976
534,wotho,10.1657,166.0102,28.04,80,100,6.28,MH,1690389212
535,kapa'a,22.0752,-159.319,25.18,90,100,6.69,US,1690388919
536,milagros,12.2181,123.5095,27.15,85,100,8.16,PH,1690389214
537,quesada,10.3238,-84.4271,29.73,70,83,3.43,CR,1690389214
538,naha,26.2125,127.6811,29.38,89,75,10.0,JP,1690389215
539,tamala,52.541,43.2515,22.24,70,26,3.98,RU,1690389215
540,marsh harbour,26.5412,-77.0636,29.67,71,100,6.99,BS,1690389215
541,el nido,11.1858,119.3956,27.96,81,100,8.71,PH,1690389215
542,mersch,49.7489,6.1061,21.48,53,91,1.79,LU,1690389003
543,lorengau,-2.0226,147.2712,28.3,76,57,6.11,PG,1690389216
544,scottsboro,34.6723,-86.0341,32.39,100,0,2.02,US,1690389217
545,dryden,49.7833,-92.7503,24.16,73,0,3.09,CA,1690388885
546,santana,-0.0583,-51.1817,32.1,62,20,4.63,BR,1690389217
547,taroa,8.7058,171.2275,27.71,80,97,7.91,MH,1690388937
548,lerwick,60.1545,-1.1494,14.0,74,75,5.04,GB,1690388925
549,guerrero negro,27.9769,-114.0611,25.57,52,7,2.92,MX,1690389218
550,kiunga,-6.1219,141.2906,22.17,96,100,1.11,PG,1690388972
551,cannonvale,-20.2833,148.7,20.66,75,30,9.61,AU,1690388967
552,bunbury,-33.3333,115.6333,12.15,82,90,7.91,AU,1690389218
553,bisalpur,28.3,79.8,27.52,82,99,2.03,IN,1690389219
554,de aar,-30.6497,24.0123,10.42,87,100,3.16,ZA,1690389219
555,san rafael,-34.6177,-68.3301,13.16,40,79,3.52,AR,1690389219
556,chulakkurgan,43.765,69.1814,30.67,26,0,6.33,KZ,1690389219
557,enriquillo,17.9,-71.2333,33.82,65,92,7.54,DO,1690389219
558,madimba,-10.4,40.3333,23.57,76,3,6.62,TZ,1690389219
559,saint-pierre,-21.3393,55.4781,21.82,83,75,2.57,RE,1690388966
560,ciudad lazaro cardenas,17.9583,-102.2,31.97,52,35,1.8,MX,1690389166
561,estancia,-11.2683,-37.4383,27.73,58,23,4.34,BR,1690389220
562,kangding,30.0513,101.9603,15.42,99,99,1.2,CN,1690388982
563,nantucket,41.2835,-70.0995,29.03,72,0,5.66,US,1690388921
564,portland,45.5234,-122.6762,20.58,70,20,2.57,US,1690388992
565,amga,60.8953,131.9608,12.87,82,10,1.31,RU,1690388971
566,sendafa,9.15,39.0333,16.64,84,80,2.24,ET,1690389220
